<?xml version="1.0" encoding="UTF-8"?>
<!-- edited with XML Spy v4.3 U (http://www.xmlspy.com) by . (.) -->
<VIEWERMESSAGERESOURCE VERSION="2.0">
	<TYPE code="1020010000">参数</TYPE>
	<TYPE code="1020010009">无法找到OZ Server或Servlet信息。</TYPE>
	<TYPE code="1020010010">OZ Server与Servlet地址都存在，请指定其中一项。</TYPE>
	<TYPE code="1020010011">OZ Server或Servlet地址都不存在，请指定其中一项。</TYPE>
	<TYPE code="1020010012">无效的OZ Server的端口号。</TYPE>
	<TYPE code="1020010013">邀请的报表不存在于OZ Server。</TYPE>
	<TYPE code="1020010020">There are missing form/ODI parameter definitions in viewer parameter.</TYPE>
	<TYPE code="1020020000">打印</TYPE>
	<TYPE code="1020020001">选定的页码不存在，打印被取消。</TYPE>
	<TYPE code="1020020002">无法启动用户指定的打印机，使用默认打印机。</TYPE>
	<TYPE code="1020020003">打印发生错误。</TYPE>
	<TYPE code="1020020004">无法共享取得打印信息所需的内存。</TYPE>
	<TYPE code="1020020005">无法找到打印机。</TYPE>
	<TYPE code="1020020006">生成为了打印的Device Context失败。</TYPE>
	<TYPE code="1020020007">无法生成打印文档。</TYPE>
	<TYPE code="1020020008">结束打印时发生错误。</TYPE>
	<TYPE code="1020020009">生成打印页时发生错误。</TYPE>
	<TYPE code="1020020010">结束打印页时发生错误。</TYPE>
	<TYPE code="1020020011">不能生成打印初始信息。</TYPE>
	<TYPE code="1020020012">请输入数值值。</TYPE>
	<TYPE code="1020020015">印刷范围不符合规范.</TYPE>
	<TYPE code="1020020016">不存在可打印的页面.
(请询问管理员.)</TYPE>
	<TYPE code="1020020017">必须选择一个以上的报表。</TYPE>
	<TYPE code="1020030000">报表loader</TYPE>
	<TYPE code="1020030001">密码错误。</TYPE>
	<TYPE code="1020030002">无法生成报表loader。</TYPE>
	<TYPE code="1020030003">无法识别的数据查询模式，请确认OZ Server的设置值或openfile的设置值。</TYPE>
	<TYPE code="1020030004">OZ Server设置错误。</TYPE>
	<TYPE code="1020030006">处理本地计算机的OZ Data Module时发生错误。</TYPE>
	<TYPE code="1020030007">打开Form File失败。</TYPE>
	<TYPE code="1020030008">关闭Form File失败。</TYPE>
	<TYPE code="1020030009">保存Memo失败。</TYPE>
	<TYPE code="1020030010">报表生成中发生错误，请重试。</TYPE>
	<TYPE code="1020030011">无法找到ODI信息。</TYPE>
	<TYPE code="1020030012">保存参数发生错误，无法保存OZD文件。</TYPE>
	<TYPE code="1020030013">加载报表时发生异常。</TYPE>
	<TYPE code="1020030014">加载数据时发生异常。</TYPE>
	<TYPE code="1020030015">在加载外部 functions 文件时发生意外。</TYPE>
	<TYPE code="1020030016">加载替代脚本的外部文件时发生意外。</TYPE>
	<TYPE code="1020040000">保存</TYPE>
	<TYPE code="1020040001">密码错误。</TYPE>
	<TYPE code="1020040002">OZD文件被修改或无效。</TYPE>
	<TYPE code="1020040003">在OZD文件中存在不适当的Memo信息。</TYPE>
	<TYPE code="1020040004"/>
	<TYPE code="1020040005"/>
	<TYPE code="1020040006">无法检索工作目录文件名。</TYPE>
	<TYPE code="1020040007">生成临时报表Form文件失败。</TYPE>
	<TYPE code="1020040008">保存OZD文件失败。</TYPE>
	<TYPE code="1020040009"/>
	<TYPE code="1020040010"/>
	<TYPE code="1020040011">生成为了打开OZD的临时文件失败。</TYPE>
	<TYPE code="1020040012">此文件不是OZD文件。</TYPE>
	<TYPE code="1020040013">OZD文件被修改或无效。</TYPE>
	<TYPE code="1020040014"/>
	<TYPE code="1020050000">绑定线程</TYPE>
	<TYPE code="1020060000">输出线程</TYPE>
	<TYPE code="1020070000">文件</TYPE>
	<TYPE code="1020070001">没有查询到的数据。</TYPE>
	<TYPE code="1020070002">失败生成临时报表。</TYPE>
	<TYPE code="1020070003">报表绑定失败。</TYPE>
	<TYPE code="1020070004">生成OZ Report Manager失败。</TYPE>
	<TYPE code="1020070005">报表放大/缩小信息，请使用数值。</TYPE>
	<TYPE code="1020080000">平铺文件</TYPE>
	<TYPE code="1020080001">无法生成报表结构的平铺图像。</TYPE>
	<TYPE code="1020080002">无法生成报表结构的平铺图像。</TYPE>
	<TYPE code="1020080003">选页控件无效。</TYPE>
	<TYPE code="1020090000">输出</TYPE>
	<TYPE code="1020090001">选择或输入保存路径。</TYPE>
	<TYPE code="1020090002">报表中不存在的组件。</TYPE>
	<TYPE code="1020090003">要保存的文件已被打开，关闭打开的文件后重试。</TYPE>
	<TYPE code="1020090004">无法正常关闭要保存的文件。</TYPE>
	<TYPE code="1020090005">无法识别的图片格式。</TYPE>
	<TYPE code="1020090006">不支持的图像格式。</TYPE>
	<TYPE code="1020090007">不支持的输出格式。</TYPE>
	<TYPE code="1020090008">无法生成要输出的文件夹。</TYPE>
	<TYPE code="1020090009">无法以OZD文件输出。</TYPE>
	<TYPE code="1020090010">请定义输出的文件名。</TYPE>
	<TYPE code="1020090011">无法执行输出的文件。</TYPE>
	<TYPE code="1020090014">无法找到需要密码保护的模版文件.</TYPE>
	<TYPE code="1020090015">无法压缩后保存.</TYPE>
	<TYPE code="1020090016">保存范围不符合规范.</TYPE>
	<TYPE code="1020090017">Failed to save the report.</TYPE>
	<TYPE code="1020100000">Text</TYPE>
	<TYPE code="1020100001">删除行值只能输入数字。</TYPE>
	<TYPE code="1020110000">Word</TYPE>
	<TYPE code="1020110001">没有安装 MS-WORD 应用程序
无法生成MS-WORD OLE对象.</TYPE>
	<TYPE code="1020120000">PowerPoint</TYPE>
	<TYPE code="1020120001">无法生成PowerPoint OLE Object。</TYPE>
	<TYPE code="1020130000">Excel</TYPE>
	<TYPE code="1020130001">无法生成Excel OLE Object。</TYPE>
	<TYPE code="1020130002">SetExcelSheetName函数的 ExcelPrintTitleRows 参数值不是有效的值.</TYPE>
	<TYPE code="1020130003">SetExcelSheetName函数的 ExcelPrintTitleColumns 参数不是有效的值.</TYPE>
	<TYPE code="1020130004">读取密码长度超过 255字符.</TYPE>
	<TYPE code="1020130005">写入密码的长度超过 15字符.</TYPE>
	<TYPE code="1020140000">Report Manager</TYPE>
	<TYPE code="1020140001">在建立OZD文件中失败生成临时文件(找不到文件)</TYPE>
	<TYPE code="1020140002"/>
	<TYPE code="1020150000">Report Viewer</TYPE>
	<TYPE code="1020150001">由于子报表没有关闭，无法关闭此报表。</TYPE>
	<TYPE code="1020150002">无法取得此页的信息。</TYPE>
	<TYPE code="1020150003">无法在画面显示此页。</TYPE>
	<TYPE code="1020160000">缓存</TYPE>
	<TYPE code="1020160001">用户设置的版本和Server中的Form文件的版本信息不匹配。请使用Server的Form文件中指定的版本信息。</TYPE>
	<TYPE code="1020160002">要缓存的报表大小为0。</TYPE>
	<TYPE code="1020160003">无法读取缓存报表。</TYPE>
	<TYPE code="1020160004">比较报表Form文件的版本信息时发生错误。</TYPE>
	<TYPE code="1020160005">删除临时文件失败。</TYPE>
	<TYPE code="1020160006">保存缓存文件失败。</TYPE>
	<TYPE code="1020160007">版本信息无效。</TYPE>
	<TYPE code="1020170000">Frame</TYPE>
	<TYPE code="1020170001">正在生成报表。</TYPE>
	<TYPE code="1020180000">应用程序</TYPE>
	<TYPE code="1020180001">解除锁定文件的锁定发生错误。</TYPE>
	<TYPE code="1020180004">无法打开帮助。</TYPE>
	<TYPE code="1020200000">PDF</TYPE>
	<TYPE code="1020200001">无法生成PDF OLE Object。</TYPE>
	<TYPE code="1020200002">无法生成PDF文件。</TYPE>
	<TYPE code="1020200003">保存为PDF文件发生错误。</TYPE>
	<TYPE code="1020220000">常规</TYPE>
	<TYPE code="1020220001">指定输出的页不存在。</TYPE>
	<TYPE code="1020220002">发生未知的错误。</TYPE>
	<TYPE code="1020230000">直接</TYPE>
	<TYPE code="1020230001">执行直接打印失败。</TYPE>
	<TYPE code="1020230002">执行直接输出失败。</TYPE>
	<TYPE code="1020240000">线程打印</TYPE>
	<TYPE code="1020240001">打印报表失败。</TYPE>
	<TYPE code="1020250000">Memo</TYPE>
	<TYPE code="1020250001">取得Memo信息失败。</TYPE>
	<TYPE code="1020260000">用户界面</TYPE>
	<TYPE code="1020270000">Active X</TYPE>
	<TYPE code="1020280000">邮件</TYPE>
	<TYPE code="1020280001">无法发送邮件。</TYPE>
	<TYPE code="1020280002">没有安装邮件程序.</TYPE>
	<TYPE code="1020300000">E-FORM</TYPE>
	<TYPE code="1020300001">License 错误，正在使用的 License 不是 OZ e-form Extension 专用 License。</TYPE>
	<TYPE code="1020310000">INPUT COMPONENT</TYPE>
	<TYPE code="1020310001">在数据传输过程中，出现异常。</TYPE>
	<TYPE code="1020310002">请重新安装OZ Viewer.</TYPE>
	<TYPE code="1020320000">HTML</TYPE>
	<TYPE code="1020330000">MHT</TYPE>
	<TYPE code="1020320001">Cannot call event</TYPE>
	<TYPE code="1020340000">无法打印报表。</TYPE>	

</VIEWERMESSAGERESOURCE>
